<?xml version="1.0" encoding="UTF-8"?>
<project-private xmlns="http://www.netbeans.org/ns/project-private/1">
    <editor-bookmarks xmlns="http://www.netbeans.org/ns/editor-bookmarks/2" lastBookmarkId="0"/>
    <open-files xmlns="http://www.netbeans.org/ns/projectui-open-files/2">
        <group>
            <file>file:/home/tms/git/mack/lp2-lab13/nb/src/banco/ExecutorOperacoesBancarias.java</file>
            <file>file:/home/tms/git/mack/lp2-lab13/nb/src/app/ListaContasDemoApp.java</file>
            <file>file:/home/tms/git/mack/lp2-lab13/nb/src/app/BancoApp.java</file>
            <file>file:/home/tms/git/mack/lp2-lab13/nb/src/banco/ListaContas.java</file>
            <file>file:/home/tms/git/mack/lp2-lab13/nb/src/banco/BancoIhm.java</file>
            <file>file:/home/tms/git/mack/lp2-lab13/nb/src/banco/Conta.java</file>
            <file>file:/home/tms/git/mack/lp2-lab13/nb/src/banco/Banco.java</file>
        </group>
        <group name="Correção">
            <file>file:/C:/Users/tms-x240/Dropbox/Tomaz/ativo/ensino/mackenzie/ps2/lab02/java/src/ContaComLimite.java</file>
            <file>file:/C:/Users/tms-x240/Dropbox/Tomaz/ativo/ensino/mackenzie/ps2/lab02/java/src/PequenoBanco.java</file>
            <file>file:/C:/Users/tms-x240/Dropbox/Tomaz/ativo/ensino/mackenzie/ps2/lab02/java/src/Dialogo.java</file>
            <file>file:/C:/Users/tms-x240/Dropbox/Tomaz/ativo/ensino/mackenzie/ps2/lab02/java/src/ContaNormal.java</file>
            <file>file:/C:/Users/tms-x240/Dropbox/Tomaz/ativo/ensino/mackenzie/ps2/lab02/java/src/AppPequenoBanco.java</file>
            <file>file:/C:/Users/tms-x240/Dropbox/Tomaz/ativo/ensino/mackenzie/ps2/lab02/java/src/ContaSalario.java</file>
            <file>file:/C:/Users/tms-x240/Dropbox/Tomaz/ativo/ensino/mackenzie/ps2/lab02/java/src/ContaAbstrata.java</file>
            <file>file:/C:/Users/tms-x240/Dropbox/Tomaz/ativo/ensino/mackenzie/ps2/lab02/java/src/AppExemplo.java</file>
        </group>
    </open-files>
</project-private>
